state,district,month,recommendations
Andaman And Nicobar Islands,Andamans,2025-12-01,Maintain Current Operations
Andaman And Nicobar Islands,Nicobar,2025-12-01,Maintain Current Operations
Andaman And Nicobar Islands,Nicobars,2025-12-01,Maintain Current Operations
Andaman And Nicobar Islands,North And Middle Andaman,2025-12-01,Maintain Current Operations
Andaman And Nicobar Islands,South Andaman,2025-12-01,Maintain Current Operations
Andhra Pradesh,Adilabad,2025-12-01,Maintain Current Operations
Andhra Pradesh,Alluri Sitharama Raju,2025-12-01,Maintain Current Operations
Andhra Pradesh,Anakapalli,2025-12-01,Maintain Current Operations
Andhra Pradesh,Anantapur,2025-12-01,Maintain Current Operations
Andhra Pradesh,Ananthapur,2025-12-01,Maintain Current Operations
Andhra Pradesh,Ananthapuramu,2025-12-01,Maintain Current Operations
Andhra Pradesh,Annamayya,2025-12-01,Maintain Current Operations
Andhra Pradesh,Bapatla,2025-12-01,Maintain Current Operations
Andhra Pradesh,Chittoor,2025-12-01,Maintain Current Operations
Andhra Pradesh,Cuddapah,2025-12-01,Maintain Current Operations
Andhra Pradesh,Dr. B. R. Ambedkar Konaseema,2025-12-01,Maintain Current Operations
Andhra Pradesh,East Godavari,2025-12-01,Maintain Current Operations
Andhra Pradesh,Eluru,2025-12-01,Maintain Current Operations
Andhra Pradesh,Guntur,2025-12-01,Maintain Current Operations
Andhra Pradesh,Hyderabad,2025-12-01,Maintain Current Operations
Andhra Pradesh,K.V. Rangareddy,2025-12-01,Maintain Current Operations
Andhra Pradesh,K.V.Rangareddy,2025-12-01,Maintain Current Operations
Andhra Pradesh,Kakinada,2025-12-01,Maintain Current Operations
Andhra Pradesh,Karim Nagar,2025-12-01,Maintain Current Operations
Andhra Pradesh,Karimnagar,2025-12-01,Maintain Current Operations
Andhra Pradesh,Khammam,2025-12-01,Maintain Current Operations
Andhra Pradesh,Krishna,2025-12-01,Maintain Current Operations
Andhra Pradesh,Kurnool,2025-12-01,Maintain Current Operations
Andhra Pradesh,Mahabub Nagar,2025-12-01,Maintain Current Operations
Andhra Pradesh,Mahabubnagar,2025-12-01,Maintain Current Operations
Andhra Pradesh,Mahbubnagar,2025-12-01,Maintain Current Operations
Andhra Pradesh,Medak,2025-12-01,Maintain Current Operations
Andhra Pradesh,N. T. R,2025-12-01,Maintain Current Operations
Andhra Pradesh,Nalgonda,2025-12-01,Maintain Current Operations
Andhra Pradesh,Nandyal,2025-12-01,Maintain Current Operations
Andhra Pradesh,Nellore,2025-12-01,Maintain Current Operations
Andhra Pradesh,Nizamabad,2025-12-01,Maintain Current Operations
Andhra Pradesh,Palnadu,2025-12-01,Maintain Current Operations
Andhra Pradesh,Parvathipuram Manyam,2025-12-01,Maintain Current Operations
Andhra Pradesh,Prakasam,2025-12-01,Maintain Current Operations
Andhra Pradesh,Rangareddi,2025-12-01,Maintain Current Operations
Andhra Pradesh,Sri Potti Sriramulu Nellore,2025-12-01,Maintain Current Operations
Andhra Pradesh,Sri Sathya Sai,2025-12-01,Maintain Current Operations
Andhra Pradesh,Srikakulam,2025-12-01,Maintain Current Operations
Andhra Pradesh,Tirupati,2025-12-01,Maintain Current Operations
Andhra Pradesh,Visakhapatnam,2025-12-01,Maintain Current Operations
Andhra Pradesh,Vizianagaram,2025-12-01,Maintain Current Operations
Andhra Pradesh,Warangal,2025-12-01,Maintain Current Operations
Andhra Pradesh,West Godavari,2025-12-01,Maintain Current Operations
Andhra Pradesh,Y. S. R,2025-12-01,Maintain Current Operations
Arunachal Pradesh,Anjaw,2025-12-01,Maintain Current Operations
Arunachal Pradesh,Changlang,2025-12-01,Maintain Current Operations
Arunachal Pradesh,Dibang Valley,2025-12-01,Maintain Current Operations
Arunachal Pradesh,East Kameng,2025-12-01,Maintain Current Operations
Arunachal Pradesh,East Siang,2025-12-01,Maintain Current Operations
Arunachal Pradesh,Kamle,2025-12-01,Maintain Current Operations
Arunachal Pradesh,Kra Daadi,2025-12-01,Maintain Current Operations
Arunachal Pradesh,Kurung Kumey,2025-12-01,Maintain Current Operations
Arunachal Pradesh,Leparada,2025-12-01,Maintain Current Operations
Arunachal Pradesh,Lohit,2025-12-01,Maintain Current Operations
Arunachal Pradesh,Longding,2025-12-01,Maintain Current Operations
Arunachal Pradesh,Lower Dibang Valley,2025-12-01,Maintain Current Operations
Arunachal Pradesh,Lower Siang,2025-12-01,Maintain Current Operations
Arunachal Pradesh,Lower Subansiri,2025-12-01,Maintain Current Operations
Arunachal Pradesh,Namsai,2025-12-01,Maintain Current Operations
Arunachal Pradesh,Pakke Kessang,2025-12-01,Maintain Current Operations
Arunachal Pradesh,Papum Pare,2025-12-01,Maintain Current Operations
Arunachal Pradesh,Shi-Yomi,2025-12-01,Maintain Current Operations
Arunachal Pradesh,Siang,2025-12-01,Maintain Current Operations
Arunachal Pradesh,Tawang,2025-12-01,Maintain Current Operations
Arunachal Pradesh,Tirap,2025-12-01,Maintain Current Operations
Arunachal Pradesh,Upper Siang,2025-12-01,Maintain Current Operations
Arunachal Pradesh,Upper Subansiri,2025-12-01,Maintain Current Operations
Arunachal Pradesh,West Kameng,2025-12-01,Maintain Current Operations
Arunachal Pradesh,West Siang,2025-12-01,Maintain Current Operations
Assam,Bajali,2025-12-01,Maintain Current Operations
Assam,Baksa,2025-12-01,Maintain Current Operations
Assam,Barpeta,2025-12-01,Maintain Current Operations
Assam,Biswanath,2025-12-01,Maintain Current Operations
Assam,Bongaigaon,2025-12-01,Maintain Current Operations
Assam,Cachar,2025-12-01,Maintain Current Operations
Assam,Charaideo,2025-12-01,Maintain Current Operations
Assam,Chirang,2025-12-01,Maintain Current Operations
Assam,Darrang,2025-12-01,Maintain Current Operations
Assam,Dhemaji,2025-12-01,Maintain Current Operations
Assam,Dhubri,2025-12-01,Maintain Current Operations
Assam,Dibrugarh,2025-12-01,Maintain Current Operations
Assam,Dima Hasao,2025-12-01,Maintain Current Operations
Assam,Goalpara,2025-12-01,Maintain Current Operations
Assam,Golaghat,2025-12-01,Maintain Current Operations
Assam,Hailakandi,2025-12-01,Maintain Current Operations
Assam,Hojai,2025-12-01,Maintain Current Operations
Assam,Jorhat,2025-12-01,Maintain Current Operations
Assam,Kamrup,2025-12-01,Maintain Current Operations
Assam,Kamrup Metro,2025-12-01,Maintain Current Operations
Assam,Karbi Anglong,2025-12-01,Maintain Current Operations
Assam,Karimganj,2025-12-01,Maintain Current Operations
Assam,Kokrajhar,2025-12-01,Maintain Current Operations
Assam,Lakhimpur,2025-12-01,Maintain Current Operations
Assam,Majuli,2025-12-01,Maintain Current Operations
Assam,Marigaon,2025-12-01,Maintain Current Operations
Assam,Nagaon,2025-12-01,Maintain Current Operations
Assam,Nalbari,2025-12-01,Maintain Current Operations
Assam,North Cachar Hills,2025-12-01,Maintain Current Operations
Assam,Sibsagar,2025-12-01,Maintain Current Operations
Assam,Sonitpur,2025-12-01,Maintain Current Operations
Assam,South Salmara Mankachar,2025-12-01,Maintain Current Operations
Assam,Sribhumi,2025-12-01,Maintain Current Operations
Assam,Tamulpur District,2025-12-01,Maintain Current Operations
Assam,Tinsukia,2025-12-01,Maintain Current Operations
Assam,Udalguri,2025-12-01,Maintain Current Operations
Assam,West Karbi Anglong,2025-12-01,Maintain Current Operations
Bihar,Araria,2025-12-01,Maintain Current Operations
Bihar,Arwal,2025-12-01,Maintain Current Operations
Bihar,Aurangabad,2025-12-01,Maintain Current Operations
Bihar,Aurangabad(Bh),2025-12-01,Maintain Current Operations
Bihar,Banka,2025-12-01,Maintain Current Operations
Bihar,Begusarai,2025-12-01,Maintain Current Operations
Bihar,Bhabua,2025-12-01,Maintain Current Operations
Bihar,Bhagalpur,2025-12-01,Maintain Current Operations
Bihar,Bhojpur,2025-12-01,Maintain Current Operations
Bihar,Buxar,2025-12-01,Maintain Current Operations
Bihar,Darbhanga,2025-12-01,Maintain Current Operations
Bihar,East Champaran,2025-12-01,Maintain Current Operations
Bihar,Gaya,2025-12-01,Maintain Current Operations
Bihar,Gopalganj,2025-12-01,Maintain Current Operations
Bihar,Jamui,2025-12-01,Maintain Current Operations
Bihar,Jehanabad,2025-12-01,Maintain Current Operations
Bihar,Kaimur (Bhabua),2025-12-01,Maintain Current Operations
Bihar,Katihar,2025-12-01,Maintain Current Operations
Bihar,Khagaria,2025-12-01,Maintain Current Operations
Bihar,Kishanganj,2025-12-01,Maintain Current Operations
Bihar,Lakhisarai,2025-12-01,Maintain Current Operations
Bihar,Madhepura,2025-12-01,Maintain Current Operations
Bihar,Madhubani,2025-12-01,Maintain Current Operations
Bihar,Monghyr,2025-12-01,Maintain Current Operations
Bihar,Munger,2025-12-01,Maintain Current Operations
Bihar,Muzaffarpur,2025-12-01,Maintain Current Operations
Bihar,Nalanda,2025-12-01,Maintain Current Operations
Bihar,Nawada,2025-12-01,Maintain Current Operations
Bihar,Pashchim Champaran,2025-12-01,Maintain Current Operations
Bihar,Patna,2025-12-01,Maintain Current Operations
Bihar,Purba Champaran,2025-12-01,Maintain Current Operations
Bihar,Purnea,2025-12-01,Maintain Current Operations
Bihar,Purnia,2025-12-01,Maintain Current Operations
Bihar,Rohtas,2025-12-01,Maintain Current Operations
Bihar,Saharsa,2025-12-01,Maintain Current Operations
Bihar,Samastipur,2025-12-01,Maintain Current Operations
Bihar,Samstipur,2025-12-01,Maintain Current Operations
Bihar,Saran,2025-12-01,Maintain Current Operations
Bihar,Sheikhpura,2025-12-01,Maintain Current Operations
Bihar,Sheikpura,2025-12-01,Maintain Current Operations
Bihar,Sheohar,2025-12-01,Maintain Current Operations
Bihar,Sitamarhi,2025-12-01,Maintain Current Operations
Bihar,Siwan,2025-12-01,Maintain Current Operations
Bihar,Supaul,2025-12-01,Maintain Current Operations
Bihar,Vaishali,2025-12-01,Maintain Current Operations
Bihar,West Champaran,2025-12-01,Maintain Current Operations
Chandigarh,Chandigarh,2025-12-01,Maintain Current Operations
Chandigarh,Mohali,2025-12-01,Maintain Current Operations
Chandigarh,Rupnagar,2025-12-01,Maintain Current Operations
Chhattisgarh,Balod,2025-12-01,Maintain Current Operations
Chhattisgarh,Baloda Bazar,2025-12-01,Maintain Current Operations
Chhattisgarh,Balrampur,2025-12-01,Maintain Current Operations
Chhattisgarh,Bastar,2025-12-01,Maintain Current Operations
Chhattisgarh,Bemetara,2025-12-01,Maintain Current Operations
Chhattisgarh,Bijapur,2025-12-01,Maintain Current Operations
Chhattisgarh,Bilaspur,2025-12-01,Maintain Current Operations
Chhattisgarh,Dakshin Bastar Dantewada,2025-12-01,Maintain Current Operations
Chhattisgarh,Dantewada,2025-12-01,Maintain Current Operations
Chhattisgarh,Dhamtari,2025-12-01,Maintain Current Operations
Chhattisgarh,Durg,2025-12-01,Maintain Current Operations
Chhattisgarh,Gariyaband,2025-12-01,Maintain Current Operations
Chhattisgarh,Gaurela-Pendra-Marwahi,2025-12-01,Maintain Current Operations
Chhattisgarh,Janjgir - Champa,2025-12-01,Maintain Current Operations
Chhattisgarh,Janjgir Champa,2025-12-01,Maintain Current Operations
Chhattisgarh,Janjgir-Champa,2025-12-01,Maintain Current Operations
Chhattisgarh,Jashpur,2025-12-01,Maintain Current Operations
Chhattisgarh,Kabeerdham,2025-12-01,Maintain Current Operations
Chhattisgarh,Kanker,2025-12-01,Maintain Current Operations
Chhattisgarh,Kawardha,2025-12-01,Maintain Current Operations
Chhattisgarh,Khairagarh Chhuikhadan Gandai,2025-12-01,Maintain Current Operations
Chhattisgarh,Kondagaon,2025-12-01,Maintain Current Operations
Chhattisgarh,Korba,2025-12-01,Maintain Current Operations
Chhattisgarh,Koriya,2025-12-01,Maintain Current Operations
Chhattisgarh,Mahasamund,2025-12-01,Maintain Current Operations
Chhattisgarh,Manendragarh–Chirmiri–Bharatpur,2025-12-01,Maintain Current Operations
Chhattisgarh,Mohalla-Manpur-Ambagarh Chowki,2025-12-01,Maintain Current Operations
Chhattisgarh,Mohla-Manpur-Ambagarh Chouki,2025-12-01,Maintain Current Operations
Chhattisgarh,Mungeli,2025-12-01,Maintain Current Operations
Chhattisgarh,Narayanpur,2025-12-01,Maintain Current Operations
Chhattisgarh,Raigarh,2025-12-01,Maintain Current Operations
Chhattisgarh,Raipur,2025-12-01,Maintain Current Operations
Chhattisgarh,Rajnandgaon,2025-12-01,Maintain Current Operations
Chhattisgarh,Sakti,2025-12-01,Maintain Current Operations
Chhattisgarh,Sarangarh-Bilaigarh,2025-12-01,Maintain Current Operations
Chhattisgarh,Sukma,2025-12-01,Maintain Current Operations
Chhattisgarh,Surajpur,2025-12-01,Maintain Current Operations
Chhattisgarh,Surguja,2025-12-01,Maintain Current Operations
Chhattisgarh,Uttar Bastar Kanker,2025-12-01,Maintain Current Operations
Dadra And Nagar Haveli,Dadra & Nagar Haveli,2025-12-01,Maintain Current Operations
Dadra And Nagar Haveli,Dadra And Nagar Haveli,2025-12-01,Maintain Current Operations
Dadra And Nagar Haveli And Daman And Diu,Dadra And Nagar Haveli,2025-12-01,Maintain Current Operations
Dadra And Nagar Haveli And Daman And Diu,Daman,2025-12-01,Maintain Current Operations
Dadra And Nagar Haveli And Daman And Diu,Diu,2025-12-01,Maintain Current Operations
Daman And Diu,Daman,2025-12-01,Maintain Current Operations
Daman And Diu,Diu,2025-12-01,Maintain Current Operations
Delhi,Central Delhi,2025-12-01,Maintain Current Operations
Delhi,East Delhi,2025-12-01,Maintain Current Operations
Delhi,Najafgarh,2025-12-01,Maintain Current Operations
Delhi,New Delhi,2025-12-01,Maintain Current Operations
Delhi,North Delhi,2025-12-01,Maintain Current Operations
Delhi,North East,2025-12-01,Maintain Current Operations
Delhi,North East Delhi,2025-12-01,Maintain Current Operations
Delhi,North West Delhi,2025-12-01,Maintain Current Operations
Delhi,Shahdara,2025-12-01,Maintain Current Operations
Delhi,South Delhi,2025-12-01,Maintain Current Operations
Delhi,South East Delhi,2025-12-01,Maintain Current Operations
Delhi,South West Delhi,2025-12-01,Maintain Current Operations
Delhi,West Delhi,2025-12-01,Maintain Current Operations
Goa,Bardez,2025-12-01,Maintain Current Operations
Goa,Bicholim,2025-12-01,Maintain Current Operations
Goa,North Goa,2025-12-01,Maintain Current Operations
Goa,South Goa,2025-12-01,Maintain Current Operations
Goa,Tiswadi,2025-12-01,Maintain Current Operations
Gujarat,Ahmadabad,2025-12-01,Maintain Current Operations
Gujarat,Ahmedabad,2025-12-01,Initiate School/Center-based Biometric Update Drive (High Bio Load)
Gujarat,Amreli,2025-12-01,Maintain Current Operations
Gujarat,Anand,2025-12-01,Maintain Current Operations
Gujarat,Arvalli,2025-12-01,Maintain Current Operations
Gujarat,Banas Kantha,2025-12-01,Maintain Current Operations
Gujarat,Banaskantha,2025-12-01,Maintain Current Operations
Gujarat,Bharuch,2025-12-01,Maintain Current Operations
Gujarat,Bhavnagar,2025-12-01,Maintain Current Operations
Gujarat,Botad,2025-12-01,Maintain Current Operations
Gujarat,Chhotaudepur,2025-12-01,Maintain Current Operations
Gujarat,Dahod,2025-12-01,Maintain Current Operations
Gujarat,Devbhumi Dwarka,2025-12-01,Maintain Current Operations
Gujarat,Dohad,2025-12-01,Maintain Current Operations
Gujarat,Gandhinagar,2025-12-01,Maintain Current Operations
Gujarat,Gir Somnath,2025-12-01,Maintain Current Operations
Gujarat,Jamnagar,2025-12-01,Maintain Current Operations
Gujarat,Junagadh,2025-12-01,Maintain Current Operations
Gujarat,Kachchh,2025-12-01,Maintain Current Operations
Gujarat,Kheda,2025-12-01,Maintain Current Operations
Gujarat,Mahesana,2025-12-01,Maintain Current Operations
Gujarat,Mahisagar,2025-12-01,Maintain Current Operations
Gujarat,Morbi,2025-12-01,Maintain Current Operations
Gujarat,Narmada,2025-12-01,Maintain Current Operations
Gujarat,Navsari,2025-12-01,Maintain Current Operations
Gujarat,Panch Mahals,2025-12-01,Maintain Current Operations
Gujarat,Panchmahals,2025-12-01,Maintain Current Operations
Gujarat,Patan,2025-12-01,Maintain Current Operations
Gujarat,Porbandar,2025-12-01,Maintain Current Operations
Gujarat,Rajkot,2025-12-01,Maintain Current Operations
Gujarat,Sabar Kantha,2025-12-01,Maintain Current Operations
Gujarat,Sabarkantha,2025-12-01,Maintain Current Operations
Gujarat,Surat,2025-12-01,Maintain Current Operations
Gujarat,Surendra Nagar,2025-12-01,Maintain Current Operations
Gujarat,Surendranagar,2025-12-01,Maintain Current Operations
Gujarat,Tapi,2025-12-01,Maintain Current Operations
Gujarat,The Dangs,2025-12-01,Maintain Current Operations
Gujarat,Vadodara,2025-12-01,Maintain Current Operations
Gujarat,Valsad,2025-12-01,Maintain Current Operations
Haryana,Ambala,2025-12-01,Maintain Current Operations
Haryana,Bhiwani,2025-12-01,Maintain Current Operations
Haryana,Charkhi Dadri,2025-12-01,Maintain Current Operations
Haryana,Faridabad,2025-12-01,Maintain Current Operations
Haryana,Fatehabad,2025-12-01,Maintain Current Operations
Haryana,Gurgaon,2025-12-01,Maintain Current Operations
Haryana,Hisar,2025-12-01,Maintain Current Operations
Haryana,Jhajjar,2025-12-01,Maintain Current Operations
Haryana,Jind,2025-12-01,Maintain Current Operations
Haryana,Kaithal,2025-12-01,Maintain Current Operations
Haryana,Karnal,2025-12-01,Maintain Current Operations
Haryana,Kurukshetra,2025-12-01,Maintain Current Operations
Haryana,Mahendragarh,2025-12-01,Maintain Current Operations
Haryana,Mewat,2025-12-01,Maintain Current Operations
Haryana,Palwal,2025-12-01,Maintain Current Operations
Haryana,Panchkula,2025-12-01,Maintain Current Operations
Haryana,Panipat,2025-12-01,Maintain Current Operations
Haryana,Rewari,2025-12-01,Maintain Current Operations
Haryana,Rohtak,2025-12-01,Maintain Current Operations
Haryana,Sirsa,2025-12-01,Maintain Current Operations
Haryana,Sonipat,2025-12-01,Maintain Current Operations
Haryana,Yamuna Nagar,2025-12-01,Maintain Current Operations
Haryana,Yamunanagar,2025-12-01,Maintain Current Operations
Himachal Pradesh,Bilaspur,2025-12-01,Maintain Current Operations
Himachal Pradesh,Chamba,2025-12-01,Maintain Current Operations
Himachal Pradesh,Hamirpur,2025-12-01,Maintain Current Operations
Himachal Pradesh,Kangra,2025-12-01,Maintain Current Operations
Himachal Pradesh,Kinnaur,2025-12-01,Maintain Current Operations
Himachal Pradesh,Kullu,2025-12-01,Maintain Current Operations
Himachal Pradesh,Lahaul And Spiti,2025-12-01,Maintain Current Operations
Himachal Pradesh,Lahul & Spiti,2025-12-01,Maintain Current Operations
Himachal Pradesh,Lahul And Spiti,2025-12-01,Maintain Current Operations
Himachal Pradesh,Mandi,2025-12-01,Maintain Current Operations
Himachal Pradesh,Shimla,2025-12-01,Maintain Current Operations
Himachal Pradesh,Sirmaur,2025-12-01,Maintain Current Operations
Himachal Pradesh,Solan,2025-12-01,Maintain Current Operations
Himachal Pradesh,Una,2025-12-01,Maintain Current Operations
Jammu And Kashmir,Anantnag,2025-12-01,Maintain Current Operations
Jammu And Kashmir,Badgam,2025-12-01,Maintain Current Operations
Jammu And Kashmir,Bandipore,2025-12-01,Maintain Current Operations
Jammu And Kashmir,Bandipur,2025-12-01,Maintain Current Operations
Jammu And Kashmir,Baramula,2025-12-01,Maintain Current Operations
Jammu And Kashmir,Budgam,2025-12-01,Maintain Current Operations
Jammu And Kashmir,Doda,2025-12-01,Maintain Current Operations
Jammu And Kashmir,Ganderbal,2025-12-01,Maintain Current Operations
Jammu And Kashmir,Jammu,2025-12-01,Maintain Current Operations
Jammu And Kashmir,Kargil,2025-12-01,Maintain Current Operations
Jammu And Kashmir,Kathua,2025-12-01,Maintain Current Operations
Jammu And Kashmir,Kishtwar,2025-12-01,Maintain Current Operations
Jammu And Kashmir,Kulgam,2025-12-01,Maintain Current Operations
Jammu And Kashmir,Kupwara,2025-12-01,Maintain Current Operations
Jammu And Kashmir,Leh,2025-12-01,Maintain Current Operations
Jammu And Kashmir,Leh (Ladakh),2025-12-01,Maintain Current Operations
Jammu And Kashmir,Poonch,2025-12-01,Maintain Current Operations
Jammu And Kashmir,Pulwama,2025-12-01,Maintain Current Operations
Jammu And Kashmir,Punch,2025-12-01,Maintain Current Operations
Jammu And Kashmir,Rajauri,2025-12-01,Maintain Current Operations
Jammu And Kashmir,Rajouri,2025-12-01,Maintain Current Operations
Jammu And Kashmir,Ramban,2025-12-01,Maintain Current Operations
Jammu And Kashmir,Reasi,2025-12-01,Maintain Current Operations
Jammu And Kashmir,Samba,2025-12-01,Maintain Current Operations
Jammu And Kashmir,Shupiyan,2025-12-01,Maintain Current Operations
Jammu And Kashmir,Srinagar,2025-12-01,Maintain Current Operations
Jammu And Kashmir,Udhampur,2025-12-01,Maintain Current Operations
Jharkhand,Bokaro,2025-12-01,Maintain Current Operations
Jharkhand,Bokaro *,2025-12-01,Maintain Current Operations
Jharkhand,Chatra,2025-12-01,Maintain Current Operations
Jharkhand,Deoghar,2025-12-01,Maintain Current Operations
Jharkhand,Dhanbad,2025-12-01,Maintain Current Operations
Jharkhand,Dumka,2025-12-01,Maintain Current Operations
Jharkhand,East Singhbhum,2025-12-01,Maintain Current Operations
Jharkhand,Garhwa,2025-12-01,Maintain Current Operations
Jharkhand,Garhwa *,2025-12-01,Maintain Current Operations
Jharkhand,Giridih,2025-12-01,Maintain Current Operations
Jharkhand,Godda,2025-12-01,Maintain Current Operations
Jharkhand,Gumla,2025-12-01,Maintain Current Operations
Jharkhand,Hazaribag,2025-12-01,Maintain Current Operations
Jharkhand,Hazaribagh,2025-12-01,Maintain Current Operations
Jharkhand,Jamtara,2025-12-01,Maintain Current Operations
Jharkhand,Khunti,2025-12-01,Maintain Current Operations
Jharkhand,Kodarma,2025-12-01,Maintain Current Operations
Jharkhand,Koderma,2025-12-01,Maintain Current Operations
Jharkhand,Latehar,2025-12-01,Maintain Current Operations
Jharkhand,Lohardaga,2025-12-01,Maintain Current Operations
Jharkhand,Pakaur,2025-12-01,Maintain Current Operations
Jharkhand,Pakur,2025-12-01,Maintain Current Operations
Jharkhand,Palamau,2025-12-01,Maintain Current Operations
Jharkhand,Palamu,2025-12-01,Maintain Current Operations
Jharkhand,Pashchimi Singhbhum,2025-12-01,Maintain Current Operations
Jharkhand,Purbi Singhbhum,2025-12-01,Maintain Current Operations
Jharkhand,Ramgarh,2025-12-01,Maintain Current Operations
Jharkhand,Ranchi,2025-12-01,Maintain Current Operations
Jharkhand,Sahebganj,2025-12-01,Maintain Current Operations
Jharkhand,Sahibganj,2025-12-01,Maintain Current Operations
Jharkhand,Seraikela-Kharsawan,2025-12-01,Maintain Current Operations
Jharkhand,Simdega,2025-12-01,Maintain Current Operations
Jharkhand,West Singhbhum,2025-12-01,Maintain Current Operations
Karnataka,Bagalkot,2025-12-01,Maintain Current Operations
Karnataka,Bagalkot *,2025-12-01,Maintain Current Operations
Karnataka,Ballari,2025-12-01,Maintain Current Operations
Karnataka,Bangalore,2025-12-01,Maintain Current Operations
Karnataka,Bangalore Rural,2025-12-01,Maintain Current Operations
Karnataka,Belagavi,2025-12-01,Maintain Current Operations
Karnataka,Belgaum,2025-12-01,Maintain Current Operations
Karnataka,Bellary,2025-12-01,Maintain Current Operations
Karnataka,Bengaluru,2025-12-01,Maintain Current Operations
Karnataka,Bengaluru Rural,2025-12-01,Maintain Current Operations
Karnataka,Bengaluru South,2025-12-01,Maintain Current Operations
Karnataka,Bidar,2025-12-01,Maintain Current Operations
Karnataka,Bijapur,2025-12-01,Maintain Current Operations
Karnataka,Bijapur(Kar),2025-12-01,Maintain Current Operations
Karnataka,Chamarajanagar,2025-12-01,Maintain Current Operations
Karnataka,Chamarajanagar *,2025-12-01,Maintain Current Operations
Karnataka,Chamrajanagar,2025-12-01,Maintain Current Operations
Karnataka,Chamrajnagar,2025-12-01,Maintain Current Operations
Karnataka,Chickmagalur,2025-12-01,Maintain Current Operations
Karnataka,Chikkaballapur,2025-12-01,Maintain Current Operations
Karnataka,Chikkamagaluru,2025-12-01,Maintain Current Operations
Karnataka,Chikmagalur,2025-12-01,Maintain Current Operations
Karnataka,Chitradurga,2025-12-01,Maintain Current Operations
Karnataka,Dakshina Kannada,2025-12-01,Maintain Current Operations
Karnataka,Davanagere,2025-12-01,Maintain Current Operations
Karnataka,Davangere,2025-12-01,Maintain Current Operations
Karnataka,Dharwad,2025-12-01,Maintain Current Operations
Karnataka,Gadag,2025-12-01,Maintain Current Operations
Karnataka,Gadag *,2025-12-01,Maintain Current Operations
Karnataka,Gulbarga,2025-12-01,Maintain Current Operations
Karnataka,Hasan,2025-12-01,Maintain Current Operations
Karnataka,Hassan,2025-12-01,Maintain Current Operations
Karnataka,Haveri,2025-12-01,Maintain Current Operations
Karnataka,Haveri *,2025-12-01,Maintain Current Operations
Karnataka,Kalaburagi,2025-12-01,Maintain Current Operations
Karnataka,Kodagu,2025-12-01,Maintain Current Operations
Karnataka,Kolar,2025-12-01,Maintain Current Operations
Karnataka,Koppal,2025-12-01,Maintain Current Operations
Karnataka,Mandya,2025-12-01,Maintain Current Operations
Karnataka,Mysore,2025-12-01,Maintain Current Operations
Karnataka,Mysuru,2025-12-01,Maintain Current Operations
Karnataka,Raichur,2025-12-01,Maintain Current Operations
Karnataka,Ramanagar,2025-12-01,Maintain Current Operations
Karnataka,Shimoga,2025-12-01,Maintain Current Operations
Karnataka,Shivamogga,2025-12-01,Maintain Current Operations
Karnataka,Tumakuru,2025-12-01,Maintain Current Operations
Karnataka,Tumkur,2025-12-01,Maintain Current Operations
Karnataka,Udupi,2025-12-01,Maintain Current Operations
Karnataka,Udupi *,2025-12-01,Maintain Current Operations
Karnataka,Uttara Kannada,2025-12-01,Maintain Current Operations
Karnataka,Vijayanagara,2025-12-01,Maintain Current Operations
Karnataka,Vijayapura,2025-12-01,Maintain Current Operations
Karnataka,Yadgir,2025-12-01,Maintain Current Operations
Kerala,Alappuzha,2025-12-01,Maintain Current Operations
Kerala,Ernakulam,2025-12-01,Maintain Current Operations
Kerala,Idukki,2025-12-01,Maintain Current Operations
Kerala,Kannur,2025-12-01,Maintain Current Operations
Kerala,Kasaragod,2025-12-01,Maintain Current Operations
Kerala,Kasargod,2025-12-01,Maintain Current Operations
Kerala,Kollam,2025-12-01,Maintain Current Operations
Kerala,Kottayam,2025-12-01,Maintain Current Operations
Kerala,Kozhikode,2025-12-01,Maintain Current Operations
Kerala,Malappuram,2025-12-01,Maintain Current Operations
Kerala,Palakkad,2025-12-01,Maintain Current Operations
Kerala,Pathanamthitta,2025-12-01,Maintain Current Operations
Kerala,Thiruvananthapuram,2025-12-01,Maintain Current Operations
Kerala,Thrissur,2025-12-01,Maintain Current Operations
Kerala,Wayanad,2025-12-01,Maintain Current Operations
Ladakh,Kargil,2025-12-01,Maintain Current Operations
Ladakh,Leh,2025-12-01,Maintain Current Operations
Lakshadweep,Lakshadweep,2025-12-01,Maintain Current Operations
Madhya Pradesh,Agar Malwa,2025-12-01,Maintain Current Operations
Madhya Pradesh,Alirajpur,2025-12-01,Maintain Current Operations
Madhya Pradesh,Anuppur,2025-12-01,Maintain Current Operations
Madhya Pradesh,Ashok Nagar,2025-12-01,Maintain Current Operations
Madhya Pradesh,Balaghat,2025-12-01,Maintain Current Operations
Madhya Pradesh,Barwani,2025-12-01,Maintain Current Operations
Madhya Pradesh,Betul,2025-12-01,Maintain Current Operations
Madhya Pradesh,Bhind,2025-12-01,Maintain Current Operations
Madhya Pradesh,Bhopal,2025-12-01,Maintain Current Operations
Madhya Pradesh,Burhanpur,2025-12-01,Maintain Current Operations
Madhya Pradesh,Chhatarpur,2025-12-01,Maintain Current Operations
Madhya Pradesh,Chhindwara,2025-12-01,Maintain Current Operations
Madhya Pradesh,Damoh,2025-12-01,Maintain Current Operations
Madhya Pradesh,Datia,2025-12-01,Maintain Current Operations
Madhya Pradesh,Dewas,2025-12-01,Maintain Current Operations
Madhya Pradesh,Dhar,2025-12-01,Maintain Current Operations
Madhya Pradesh,Dindori,2025-12-01,Maintain Current Operations
Madhya Pradesh,East Nimar,2025-12-01,Maintain Current Operations
Madhya Pradesh,Guna,2025-12-01,Maintain Current Operations
Madhya Pradesh,Gwalior,2025-12-01,Maintain Current Operations
Madhya Pradesh,Harda,2025-12-01,Maintain Current Operations
Madhya Pradesh,Harda *,2025-12-01,Maintain Current Operations
Madhya Pradesh,Hoshangabad,2025-12-01,Maintain Current Operations
Madhya Pradesh,Indore,2025-12-01,Maintain Current Operations
Madhya Pradesh,Jabalpur,2025-12-01,Maintain Current Operations
Madhya Pradesh,Jhabua,2025-12-01,Maintain Current Operations
Madhya Pradesh,Katni,2025-12-01,Maintain Current Operations
Madhya Pradesh,Khandwa,2025-12-01,Maintain Current Operations
Madhya Pradesh,Khargone,2025-12-01,Maintain Current Operations
Madhya Pradesh,Maihar,2025-12-01,Maintain Current Operations
Madhya Pradesh,Mandla,2025-12-01,Maintain Current Operations
Madhya Pradesh,Mandsaur,2025-12-01,Maintain Current Operations
Madhya Pradesh,Mauganj,2025-12-01,Maintain Current Operations
Madhya Pradesh,Morena,2025-12-01,Maintain Current Operations
Madhya Pradesh,Narmadapuram,2025-12-01,Maintain Current Operations
Madhya Pradesh,Narsimhapur,2025-12-01,Maintain Current Operations
Madhya Pradesh,Narsinghpur,2025-12-01,Maintain Current Operations
Madhya Pradesh,Neemuch,2025-12-01,Maintain Current Operations
Madhya Pradesh,Niwari,2025-12-01,Maintain Current Operations
Madhya Pradesh,Pandhurna,2025-12-01,Maintain Current Operations
Madhya Pradesh,Panna,2025-12-01,Maintain Current Operations
Madhya Pradesh,Raisen,2025-12-01,Maintain Current Operations
Madhya Pradesh,Rajgarh,2025-12-01,Maintain Current Operations
Madhya Pradesh,Ratlam,2025-12-01,Maintain Current Operations
Madhya Pradesh,Rewa,2025-12-01,Maintain Current Operations
Madhya Pradesh,Sagar,2025-12-01,Maintain Current Operations
Madhya Pradesh,Satna,2025-12-01,Maintain Current Operations
Madhya Pradesh,Sehore,2025-12-01,Maintain Current Operations
Madhya Pradesh,Seoni,2025-12-01,Maintain Current Operations
Madhya Pradesh,Shahdol,2025-12-01,Maintain Current Operations
Madhya Pradesh,Shajapur,2025-12-01,Maintain Current Operations
Madhya Pradesh,Sheopur,2025-12-01,Maintain Current Operations
Madhya Pradesh,Shivpuri,2025-12-01,Maintain Current Operations
Madhya Pradesh,Sidhi,2025-12-01,Maintain Current Operations
Madhya Pradesh,Singrauli,2025-12-01,Maintain Current Operations
Madhya Pradesh,Tikamgarh,2025-12-01,Maintain Current Operations
Madhya Pradesh,Ujjain,2025-12-01,Maintain Current Operations
Madhya Pradesh,Umaria,2025-12-01,Maintain Current Operations
Madhya Pradesh,Vidisha,2025-12-01,Maintain Current Operations
Madhya Pradesh,West Nimar,2025-12-01,Maintain Current Operations
Maharashtra,Ahilyanagar,2025-12-01,Maintain Current Operations
Maharashtra,Ahmadnagar,2025-12-01,Initiate School/Center-based Biometric Update Drive (High Bio Load)
Maharashtra,Ahmed Nagar,2025-12-01,Maintain Current Operations
Maharashtra,Akola,2025-12-01,Maintain Current Operations
Maharashtra,Amravati,2025-12-01,Maintain Current Operations
Maharashtra,Aurangabad,2025-12-01,Maintain Current Operations
Maharashtra,Beed,2025-12-01,Maintain Current Operations
Maharashtra,Bhandara,2025-12-01,Maintain Current Operations
Maharashtra,Bid,2025-12-01,Maintain Current Operations
Maharashtra,Buldana,2025-12-01,Maintain Current Operations
Maharashtra,Buldhana,2025-12-01,Maintain Current Operations
Maharashtra,Chandrapur,2025-12-01,Maintain Current Operations
Maharashtra,Chatrapati Sambhaji Nagar,2025-12-01,Maintain Current Operations
Maharashtra,Chhatrapati Sambhajinagar,2025-12-01,Maintain Current Operations
Maharashtra,Dharashiv,2025-12-01,Maintain Current Operations
Maharashtra,Dhule,2025-12-01,Maintain Current Operations
Maharashtra,Dist : Thane,2025-12-01,Maintain Current Operations
Maharashtra,Gadchiroli,2025-12-01,Maintain Current Operations
Maharashtra,Gondia,2025-12-01,Maintain Current Operations
Maharashtra,Gondiya,2025-12-01,Maintain Current Operations
Maharashtra,Gondiya *,2025-12-01,Maintain Current Operations
Maharashtra,Hingoli,2025-12-01,Maintain Current Operations
Maharashtra,Hingoli *,2025-12-01,Maintain Current Operations
Maharashtra,Jalgaon,2025-12-01,Initiate School/Center-based Biometric Update Drive (High Bio Load)
Maharashtra,Jalna,2025-12-01,Maintain Current Operations
Maharashtra,Kolhapur,2025-12-01,Maintain Current Operations
Maharashtra,Latur,2025-12-01,Maintain Current Operations
Maharashtra,Mumbai,2025-12-01,Initiate School/Center-based Biometric Update Drive (High Bio Load)
Maharashtra,Mumbai City,2025-12-01,Maintain Current Operations
Maharashtra,Mumbai Suburban,2025-12-01,Maintain Current Operations
Maharashtra,Mumbai( Sub Urban ),2025-12-01,Maintain Current Operations
Maharashtra,Nagpur,2025-12-01,Maintain Current Operations
Maharashtra,Nanded,2025-12-01,Maintain Current Operations
Maharashtra,Nandurbar,2025-12-01,Maintain Current Operations
Maharashtra,Nandurbar *,2025-12-01,Maintain Current Operations
Maharashtra,Nashik,2025-12-01,Initiate School/Center-based Biometric Update Drive (High Bio Load)
Maharashtra,Osmanabad,2025-12-01,Maintain Current Operations
Maharashtra,Palghar,2025-12-01,Maintain Current Operations
Maharashtra,Parbhani,2025-12-01,Maintain Current Operations
Maharashtra,Pune,2025-12-01,Initiate School/Center-based Biometric Update Drive (High Bio Load); Increase Demographic Update Capacity (High Correction Volume); URGENT: Allocate Special Budget for Capacity Expansion
Maharashtra,Raigad,2025-12-01,Maintain Current Operations
Maharashtra,Raigarh,2025-12-01,Maintain Current Operations
Maharashtra,Raigarh(Mh),2025-12-01,Maintain Current Operations
Maharashtra,Ratnagiri,2025-12-01,Maintain Current Operations
Maharashtra,Sangli,2025-12-01,Maintain Current Operations
Maharashtra,Satara,2025-12-01,Maintain Current Operations
Maharashtra,Sindhudurg,2025-12-01,Maintain Current Operations
Maharashtra,Solapur,2025-12-01,Initiate School/Center-based Biometric Update Drive (High Bio Load)
Maharashtra,Thane,2025-12-01,Initiate School/Center-based Biometric Update Drive (High Bio Load); Increase Demographic Update Capacity (High Correction Volume)
Maharashtra,Wardha,2025-12-01,Maintain Current Operations
Maharashtra,Washim,2025-12-01,Maintain Current Operations
Maharashtra,Washim *,2025-12-01,Maintain Current Operations
Maharashtra,Yavatmal,2025-12-01,Maintain Current Operations
Manipur,Bishnupur,2025-12-01,Maintain Current Operations
Manipur,Chandel,2025-12-01,Maintain Current Operations
Manipur,Churachandpur,2025-12-01,Maintain Current Operations
Manipur,Imphal East,2025-12-01,Maintain Current Operations
Manipur,Imphal West,2025-12-01,Maintain Current Operations
Manipur,Jiribam,2025-12-01,Maintain Current Operations
Manipur,Kakching,2025-12-01,Maintain Current Operations
Manipur,Kangpokpi,2025-12-01,Maintain Current Operations
Manipur,Pherzawl,2025-12-01,Maintain Current Operations
Manipur,Senapati,2025-12-01,Maintain Current Operations
Manipur,Tamenglong,2025-12-01,Maintain Current Operations
Manipur,Thoubal,2025-12-01,Maintain Current Operations
Manipur,Ukhrul,2025-12-01,Maintain Current Operations
Meghalaya,East Garo Hills,2025-12-01,Maintain Current Operations
Meghalaya,East Jaintia Hills,2025-12-01,Maintain Current Operations
Meghalaya,East Khasi Hills,2025-12-01,Maintain Current Operations
Meghalaya,Eastern West Khasi Hills,2025-12-01,Maintain Current Operations
Meghalaya,Jaintia Hills,2025-12-01,Maintain Current Operations
Meghalaya,North Garo Hills,2025-12-01,Maintain Current Operations
Meghalaya,Ri Bhoi,2025-12-01,Maintain Current Operations
Meghalaya,South Garo Hills,2025-12-01,Maintain Current Operations
Meghalaya,South West Garo Hills,2025-12-01,Maintain Current Operations
Meghalaya,South West Khasi Hills,2025-12-01,Maintain Current Operations
Meghalaya,West Garo Hills,2025-12-01,Maintain Current Operations
Meghalaya,West Jaintia Hills,2025-12-01,Maintain Current Operations
Meghalaya,West Khasi Hills,2025-12-01,Maintain Current Operations
Mizoram,Aizawl,2025-12-01,Maintain Current Operations
Mizoram,Champhai,2025-12-01,Maintain Current Operations
Mizoram,Hnahthial,2025-12-01,Maintain Current Operations
Mizoram,Khawzawl,2025-12-01,Maintain Current Operations
Mizoram,Kolasib,2025-12-01,Maintain Current Operations
Mizoram,Lawngtlai,2025-12-01,Maintain Current Operations
Mizoram,Lunglei,2025-12-01,Maintain Current Operations
Mizoram,Mamit,2025-12-01,Maintain Current Operations
Mizoram,Mammit,2025-12-01,Maintain Current Operations
Mizoram,Saiha,2025-12-01,Maintain Current Operations
Mizoram,Saitual,2025-12-01,Maintain Current Operations
Mizoram,Serchhip,2025-12-01,Maintain Current Operations
Nagaland,Chumukedima,2025-12-01,Maintain Current Operations
Nagaland,Dimapur,2025-12-01,Maintain Current Operations
Nagaland,Kiphire,2025-12-01,Maintain Current Operations
Nagaland,Kohima,2025-12-01,Maintain Current Operations
Nagaland,Longleng,2025-12-01,Maintain Current Operations
Nagaland,Meluri,2025-12-01,Maintain Current Operations
Nagaland,Mokokchung,2025-12-01,Maintain Current Operations
Nagaland,Mon,2025-12-01,Maintain Current Operations
Nagaland,Niuland,2025-12-01,Maintain Current Operations
Nagaland,Noklak,2025-12-01,Maintain Current Operations
Nagaland,Peren,2025-12-01,Maintain Current Operations
Nagaland,Phek,2025-12-01,Maintain Current Operations
Nagaland,Shamator,2025-12-01,Maintain Current Operations
Nagaland,Tseminyu,2025-12-01,Maintain Current Operations
Nagaland,Tuensang,2025-12-01,Maintain Current Operations
Nagaland,Wokha,2025-12-01,Maintain Current Operations
Nagaland,Zunheboto,2025-12-01,Maintain Current Operations
Odisha,Angul,2025-12-01,Maintain Current Operations
Odisha,Anugal,2025-12-01,Maintain Current Operations
Odisha,Anugul,2025-12-01,Maintain Current Operations
Odisha,Balangir,2025-12-01,Maintain Current Operations
Odisha,Baleshwar,2025-12-01,Maintain Current Operations
Odisha,Baleswar,2025-12-01,Maintain Current Operations
Odisha,Balianta,2025-12-01,Maintain Current Operations
Odisha,Bargarh,2025-12-01,Maintain Current Operations
Odisha,Baudh,2025-12-01,Maintain Current Operations
Odisha,Bhadrak,2025-12-01,Maintain Current Operations
Odisha,Bhadrak(R),2025-12-01,Maintain Current Operations
Odisha,Boudh,2025-12-01,Maintain Current Operations
Odisha,Cuttack,2025-12-01,Maintain Current Operations
Odisha,Debagarh,2025-12-01,Maintain Current Operations
Odisha,Dhenkanal,2025-12-01,Maintain Current Operations
Odisha,Gajapati,2025-12-01,Maintain Current Operations
Odisha,Ganjam,2025-12-01,Maintain Current Operations
Odisha,Jagatsinghapur,2025-12-01,Maintain Current Operations
Odisha,Jagatsinghpur,2025-12-01,Maintain Current Operations
Odisha,Jajapur,2025-12-01,Maintain Current Operations
Odisha,Jajpur,2025-12-01,Maintain Current Operations
Odisha,Jharsuguda,2025-12-01,Maintain Current Operations
Odisha,Kalahandi,2025-12-01,Maintain Current Operations
Odisha,Kandhamal,2025-12-01,Maintain Current Operations
Odisha,Kendrapara,2025-12-01,Maintain Current Operations
Odisha,Kendujhar,2025-12-01,Maintain Current Operations
Odisha,Khorda,2025-12-01,Maintain Current Operations
Odisha,Khordha,2025-12-01,Maintain Current Operations
Odisha,Khordha  *,2025-12-01,Maintain Current Operations
Odisha,Koraput,2025-12-01,Maintain Current Operations
Odisha,Malkangiri,2025-12-01,Maintain Current Operations
Odisha,Mayurbhanj,2025-12-01,Maintain Current Operations
Odisha,Nabarangapur,2025-12-01,Maintain Current Operations
Odisha,Nayagarh,2025-12-01,Maintain Current Operations
Odisha,Nuapada,2025-12-01,Maintain Current Operations
Odisha,Puri,2025-12-01,Maintain Current Operations
Odisha,Rayagada,2025-12-01,Maintain Current Operations
Odisha,Sambalpur,2025-12-01,Maintain Current Operations
Odisha,Sonapur,2025-12-01,Maintain Current Operations
Odisha,Subarnapur,2025-12-01,Maintain Current Operations
Odisha,Sundargarh,2025-12-01,Maintain Current Operations
Odisha,Sundergarh,2025-12-01,Maintain Current Operations
Puducherry,Karaikal,2025-12-01,Maintain Current Operations
Puducherry,Pondicherry,2025-12-01,Maintain Current Operations
Puducherry,Puducherry,2025-12-01,Maintain Current Operations
Puducherry,Viluppuram,2025-12-01,Maintain Current Operations
Puducherry,Yanam,2025-12-01,Maintain Current Operations
Punjab,Amritsar,2025-12-01,Maintain Current Operations
Punjab,Barnala,2025-12-01,Maintain Current Operations
Punjab,Bathinda,2025-12-01,Maintain Current Operations
Punjab,Faridkot,2025-12-01,Maintain Current Operations
Punjab,Fatehgarh Sahib,2025-12-01,Maintain Current Operations
Punjab,Fazilka,2025-12-01,Maintain Current Operations
Punjab,Ferozepur,2025-12-01,Maintain Current Operations
Punjab,Firozpur,2025-12-01,Maintain Current Operations
Punjab,Gurdaspur,2025-12-01,Maintain Current Operations
Punjab,Hoshiarpur,2025-12-01,Maintain Current Operations
Punjab,Jalandhar,2025-12-01,Maintain Current Operations
Punjab,Kapurthala,2025-12-01,Maintain Current Operations
Punjab,Ludhiana,2025-12-01,Maintain Current Operations
Punjab,Malerkotla,2025-12-01,Maintain Current Operations
Punjab,Mansa,2025-12-01,Maintain Current Operations
Punjab,Moga,2025-12-01,Maintain Current Operations
Punjab,Muktsar,2025-12-01,Maintain Current Operations
Punjab,Nawanshahr,2025-12-01,Maintain Current Operations
Punjab,Pathankot,2025-12-01,Maintain Current Operations
Punjab,Patiala,2025-12-01,Maintain Current Operations
Punjab,Rupnagar,2025-12-01,Maintain Current Operations
Punjab,S.A.S Nagar(Mohali),2025-12-01,Maintain Current Operations
Punjab,Sangrur,2025-12-01,Maintain Current Operations
Punjab,Sas Nagar (Mohali),2025-12-01,Maintain Current Operations
Punjab,Shaheed Bhagat Singh Nagar,2025-12-01,Maintain Current Operations
Punjab,Sri Muktsar Sahib,2025-12-01,Maintain Current Operations
Punjab,Tarn Taran,2025-12-01,Maintain Current Operations
Rajasthan,Ajmer,2025-12-01,Maintain Current Operations
Rajasthan,Alwar,2025-12-01,Maintain Current Operations
Rajasthan,Balotra,2025-12-01,Maintain Current Operations
Rajasthan,Banswara,2025-12-01,Maintain Current Operations
Rajasthan,Baran,2025-12-01,Maintain Current Operations
Rajasthan,Barmer,2025-12-01,Maintain Current Operations
Rajasthan,Beawar,2025-12-01,Maintain Current Operations
Rajasthan,Bharatpur,2025-12-01,Maintain Current Operations
Rajasthan,Bhilwara,2025-12-01,Maintain Current Operations
Rajasthan,Bikaner,2025-12-01,Maintain Current Operations
Rajasthan,Bundi,2025-12-01,Maintain Current Operations
Rajasthan,Chittaurgarh,2025-12-01,Maintain Current Operations
Rajasthan,Chittorgarh,2025-12-01,Maintain Current Operations
Rajasthan,Churu,2025-12-01,Maintain Current Operations
Rajasthan,Dausa,2025-12-01,Maintain Current Operations
Rajasthan,Deeg,2025-12-01,Maintain Current Operations
Rajasthan,Dhaulpur,2025-12-01,Maintain Current Operations
Rajasthan,Dholpur,2025-12-01,Maintain Current Operations
Rajasthan,Didwana-Kuchaman,2025-12-01,Maintain Current Operations
Rajasthan,Dungarpur,2025-12-01,Maintain Current Operations
Rajasthan,Ganganagar,2025-12-01,Maintain Current Operations
Rajasthan,Hanumangarh,2025-12-01,Maintain Current Operations
Rajasthan,Jaipur,2025-12-01,Initiate School/Center-based Biometric Update Drive (High Bio Load)
Rajasthan,Jaisalmer,2025-12-01,Maintain Current Operations
Rajasthan,Jalor,2025-12-01,Maintain Current Operations
Rajasthan,Jalore,2025-12-01,Maintain Current Operations
Rajasthan,Jhalawar,2025-12-01,Maintain Current Operations
Rajasthan,Jhunjhunu,2025-12-01,Maintain Current Operations
Rajasthan,Jhunjhunun,2025-12-01,Maintain Current Operations
Rajasthan,Jodhpur,2025-12-01,Maintain Current Operations
Rajasthan,Karauli,2025-12-01,Maintain Current Operations
Rajasthan,Khairthal-Tijara,2025-12-01,Maintain Current Operations
Rajasthan,Kota,2025-12-01,Maintain Current Operations
Rajasthan,Kotputli-Behror,2025-12-01,Maintain Current Operations
Rajasthan,Nagaur,2025-12-01,Maintain Current Operations
Rajasthan,Pali,2025-12-01,Maintain Current Operations
Rajasthan,Phalodi,2025-12-01,Maintain Current Operations
Rajasthan,Pratapgarh,2025-12-01,Maintain Current Operations
Rajasthan,Rajsamand,2025-12-01,Maintain Current Operations
Rajasthan,Salumbar,2025-12-01,Maintain Current Operations
Rajasthan,Sawai Madhopur,2025-12-01,Maintain Current Operations
Rajasthan,Sikar,2025-12-01,Maintain Current Operations
Rajasthan,Sirohi,2025-12-01,Maintain Current Operations
Rajasthan,Tonk,2025-12-01,Maintain Current Operations
Rajasthan,Udaipur,2025-12-01,Maintain Current Operations
Sikkim,East,2025-12-01,Maintain Current Operations
Sikkim,East Sikkim,2025-12-01,Maintain Current Operations
Sikkim,Mangan,2025-12-01,Maintain Current Operations
Sikkim,Namchi,2025-12-01,Maintain Current Operations
Sikkim,North,2025-12-01,Maintain Current Operations
Sikkim,North Sikkim,2025-12-01,Maintain Current Operations
Sikkim,South,2025-12-01,Maintain Current Operations
Sikkim,South Sikkim,2025-12-01,Maintain Current Operations
Sikkim,West,2025-12-01,Maintain Current Operations
Sikkim,West Sikkim,2025-12-01,Maintain Current Operations
Tamil Nadu,Ariyalur,2025-12-01,Maintain Current Operations
Tamil Nadu,Chengalpattu,2025-12-01,Maintain Current Operations
Tamil Nadu,Chennai,2025-12-01,Maintain Current Operations
Tamil Nadu,Coimbatore,2025-12-01,Maintain Current Operations
Tamil Nadu,Cuddalore,2025-12-01,Maintain Current Operations
Tamil Nadu,Dharmapuri,2025-12-01,Maintain Current Operations
Tamil Nadu,Dindigul,2025-12-01,Maintain Current Operations
Tamil Nadu,Erode,2025-12-01,Maintain Current Operations
Tamil Nadu,Kallakurichi,2025-12-01,Maintain Current Operations
Tamil Nadu,Kancheepuram,2025-12-01,Maintain Current Operations
Tamil Nadu,Kanchipuram,2025-12-01,Maintain Current Operations
Tamil Nadu,Kanniyakumari,2025-12-01,Maintain Current Operations
Tamil Nadu,Kanyakumari,2025-12-01,Maintain Current Operations
Tamil Nadu,Karur,2025-12-01,Maintain Current Operations
Tamil Nadu,Krishnagiri,2025-12-01,Maintain Current Operations
Tamil Nadu,Madurai,2025-12-01,Maintain Current Operations
Tamil Nadu,Mayiladuthurai,2025-12-01,Maintain Current Operations
Tamil Nadu,Nagapattinam,2025-12-01,Maintain Current Operations
Tamil Nadu,Namakkal,2025-12-01,Maintain Current Operations
Tamil Nadu,Perambalur,2025-12-01,Maintain Current Operations
Tamil Nadu,Pudukkottai,2025-12-01,Maintain Current Operations
Tamil Nadu,Ramanathapuram,2025-12-01,Maintain Current Operations
Tamil Nadu,Ranipet,2025-12-01,Maintain Current Operations
Tamil Nadu,Salem,2025-12-01,Maintain Current Operations
Tamil Nadu,Sivaganga,2025-12-01,Maintain Current Operations
Tamil Nadu,Tenkasi,2025-12-01,Maintain Current Operations
Tamil Nadu,Thanjavur,2025-12-01,Maintain Current Operations
Tamil Nadu,The Nilgiris,2025-12-01,Maintain Current Operations
Tamil Nadu,Theni,2025-12-01,Maintain Current Operations
Tamil Nadu,Thiruvallur,2025-12-01,Maintain Current Operations
Tamil Nadu,Thiruvarur,2025-12-01,Maintain Current Operations
Tamil Nadu,Thoothukkudi,2025-12-01,Maintain Current Operations
Tamil Nadu,Tiruchirappalli,2025-12-01,Maintain Current Operations
Tamil Nadu,Tirunelveli,2025-12-01,Maintain Current Operations
Tamil Nadu,Tirupathur,2025-12-01,Maintain Current Operations
Tamil Nadu,Tirupattur,2025-12-01,Maintain Current Operations
Tamil Nadu,Tiruppur,2025-12-01,Maintain Current Operations
Tamil Nadu,Tiruvallur,2025-12-01,Maintain Current Operations
Tamil Nadu,Tiruvannamalai,2025-12-01,Maintain Current Operations
Tamil Nadu,Tiruvarur,2025-12-01,Maintain Current Operations
Tamil Nadu,Tuticorin,2025-12-01,Maintain Current Operations
Tamil Nadu,Vellore,2025-12-01,Maintain Current Operations
Tamil Nadu,Villupuram,2025-12-01,Maintain Current Operations
Tamil Nadu,Viluppuram,2025-12-01,Maintain Current Operations
Tamil Nadu,Virudhunagar,2025-12-01,Maintain Current Operations
Telangana,Adilabad,2025-12-01,Maintain Current Operations
Telangana,Bhadradri Kothagudem,2025-12-01,Maintain Current Operations
Telangana,Hanumakonda,2025-12-01,Maintain Current Operations
Telangana,Hyderabad,2025-12-01,Maintain Current Operations
Telangana,Jagitial,2025-12-01,Maintain Current Operations
Telangana,Jangaon,2025-12-01,Maintain Current Operations
Telangana,Jangoan,2025-12-01,Maintain Current Operations
Telangana,Jayashankar Bhupalpally,2025-12-01,Maintain Current Operations
Telangana,Jogulamba Gadwal,2025-12-01,Maintain Current Operations
Telangana,K.V. Rangareddy,2025-12-01,Maintain Current Operations
Telangana,Kamareddy,2025-12-01,Maintain Current Operations
Telangana,Karimnagar,2025-12-01,Maintain Current Operations
Telangana,Khammam,2025-12-01,Maintain Current Operations
Telangana,Komaram Bheem,2025-12-01,Maintain Current Operations
Telangana,Mahabubabad,2025-12-01,Maintain Current Operations
Telangana,Mahabubnagar,2025-12-01,Maintain Current Operations
Telangana,Mancherial,2025-12-01,Maintain Current Operations
Telangana,Medak,2025-12-01,Maintain Current Operations
Telangana,Medchal-Malkajgiri,2025-12-01,Maintain Current Operations
Telangana,Medchal?Malkajgiri,2025-12-01,Maintain Current Operations
Telangana,Medchal−Malkajgiri,2025-12-01,Maintain Current Operations
Telangana,Medchal−Malkajgiri,2025-12-01,Maintain Current Operations
Telangana,Mulugu,2025-12-01,Maintain Current Operations
Telangana,Nagarkurnool,2025-12-01,Maintain Current Operations
Telangana,Nalgonda,2025-12-01,Maintain Current Operations
Telangana,Narayanpet,2025-12-01,Maintain Current Operations
Telangana,Nirmal,2025-12-01,Maintain Current Operations
Telangana,Nizamabad,2025-12-01,Maintain Current Operations
Telangana,Peddapalli,2025-12-01,Maintain Current Operations
Telangana,Rajanna Sircilla,2025-12-01,Maintain Current Operations
Telangana,Rangareddy,2025-12-01,Maintain Current Operations
Telangana,Sangareddy,2025-12-01,Maintain Current Operations
Telangana,Siddipet,2025-12-01,Maintain Current Operations
Telangana,Suryapet,2025-12-01,Maintain Current Operations
Telangana,Vikarabad,2025-12-01,Maintain Current Operations
Telangana,Wanaparthy,2025-12-01,Maintain Current Operations
Telangana,Warangal,2025-12-01,Maintain Current Operations
Telangana,Warangal (Urban),2025-12-01,Maintain Current Operations
Telangana,Warangal Rural,2025-12-01,Maintain Current Operations
Telangana,Warangal Urban,2025-12-01,Maintain Current Operations
Telangana,Yadadri.,2025-12-01,Maintain Current Operations
Tripura,Dhalai,2025-12-01,Maintain Current Operations
Tripura,Dhalai  *,2025-12-01,Maintain Current Operations
Tripura,Gomati,2025-12-01,Maintain Current Operations
Tripura,Khowai,2025-12-01,Maintain Current Operations
Tripura,North Tripura,2025-12-01,Maintain Current Operations
Tripura,Sepahijala,2025-12-01,Maintain Current Operations
Tripura,South Tripura,2025-12-01,Maintain Current Operations
Tripura,Unakoti,2025-12-01,Maintain Current Operations
Tripura,West Tripura,2025-12-01,Maintain Current Operations
Uttar Pradesh,Agra,2025-12-01,Maintain Current Operations
Uttar Pradesh,Aligarh,2025-12-01,Maintain Current Operations
Uttar Pradesh,Allahabad,2025-12-01,Maintain Current Operations
Uttar Pradesh,Ambedkar Nagar,2025-12-01,Maintain Current Operations
Uttar Pradesh,Amethi,2025-12-01,Maintain Current Operations
Uttar Pradesh,Amroha,2025-12-01,Maintain Current Operations
Uttar Pradesh,Auraiya,2025-12-01,Maintain Current Operations
Uttar Pradesh,Ayodhya,2025-12-01,Maintain Current Operations
Uttar Pradesh,Azamgarh,2025-12-01,Maintain Current Operations
Uttar Pradesh,Baghpat,2025-12-01,Maintain Current Operations
Uttar Pradesh,Bagpat,2025-12-01,Maintain Current Operations
Uttar Pradesh,Bahraich,2025-12-01,Maintain Current Operations
Uttar Pradesh,Ballia,2025-12-01,Maintain Current Operations
Uttar Pradesh,Balrampur,2025-12-01,Maintain Current Operations
Uttar Pradesh,Banda,2025-12-01,Maintain Current Operations
Uttar Pradesh,Bara Banki,2025-12-01,Maintain Current Operations
Uttar Pradesh,Barabanki,2025-12-01,Maintain Current Operations
Uttar Pradesh,Bareilly,2025-12-01,Maintain Current Operations
Uttar Pradesh,Basti,2025-12-01,Maintain Current Operations
Uttar Pradesh,Bhadohi,2025-12-01,Maintain Current Operations
Uttar Pradesh,Bijnor,2025-12-01,Maintain Current Operations
Uttar Pradesh,Budaun,2025-12-01,Maintain Current Operations
Uttar Pradesh,Bulandshahar,2025-12-01,Maintain Current Operations
Uttar Pradesh,Bulandshahr,2025-12-01,Maintain Current Operations
Uttar Pradesh,Chandauli,2025-12-01,Maintain Current Operations
Uttar Pradesh,Chandauli *,2025-12-01,Maintain Current Operations
Uttar Pradesh,Chitrakoot,2025-12-01,Maintain Current Operations
Uttar Pradesh,Chitrakoot *,2025-12-01,Maintain Current Operations
Uttar Pradesh,Deoria,2025-12-01,Maintain Current Operations
Uttar Pradesh,Etah,2025-12-01,Maintain Current Operations
Uttar Pradesh,Etawah,2025-12-01,Maintain Current Operations
Uttar Pradesh,Faizabad,2025-12-01,Maintain Current Operations
Uttar Pradesh,Farrukhabad,2025-12-01,Maintain Current Operations
Uttar Pradesh,Fatehpur,2025-12-01,Maintain Current Operations
Uttar Pradesh,Firozabad,2025-12-01,Maintain Current Operations
Uttar Pradesh,Gautam Buddha Nagar,2025-12-01,Maintain Current Operations
Uttar Pradesh,Ghaziabad,2025-12-01,Maintain Current Operations
Uttar Pradesh,Ghazipur,2025-12-01,Maintain Current Operations
Uttar Pradesh,Gonda,2025-12-01,Maintain Current Operations
Uttar Pradesh,Gorakhpur,2025-12-01,Maintain Current Operations
Uttar Pradesh,Hamirpur,2025-12-01,Maintain Current Operations
Uttar Pradesh,Hapur,2025-12-01,Maintain Current Operations
Uttar Pradesh,Hardoi,2025-12-01,Maintain Current Operations
Uttar Pradesh,Hathras,2025-12-01,Maintain Current Operations
Uttar Pradesh,Jalaun,2025-12-01,Maintain Current Operations
Uttar Pradesh,Jaunpur,2025-12-01,Maintain Current Operations
Uttar Pradesh,Jhansi,2025-12-01,Maintain Current Operations
Uttar Pradesh,Jyotiba Phule Nagar,2025-12-01,Maintain Current Operations
Uttar Pradesh,Kannauj,2025-12-01,Maintain Current Operations
Uttar Pradesh,Kanpur Dehat,2025-12-01,Maintain Current Operations
Uttar Pradesh,Kanpur Nagar,2025-12-01,Maintain Current Operations
Uttar Pradesh,Kasganj,2025-12-01,Maintain Current Operations
Uttar Pradesh,Kaushambi,2025-12-01,Maintain Current Operations
Uttar Pradesh,Kheri,2025-12-01,Maintain Current Operations
Uttar Pradesh,Kushinagar,2025-12-01,Maintain Current Operations
Uttar Pradesh,Kushinagar *,2025-12-01,Maintain Current Operations
Uttar Pradesh,Lalitpur,2025-12-01,Maintain Current Operations
Uttar Pradesh,Lucknow,2025-12-01,Maintain Current Operations
Uttar Pradesh,Maharajganj,2025-12-01,Maintain Current Operations
Uttar Pradesh,Mahoba,2025-12-01,Maintain Current Operations
Uttar Pradesh,Mahrajganj,2025-12-01,Maintain Current Operations
Uttar Pradesh,Mainpuri,2025-12-01,Maintain Current Operations
Uttar Pradesh,Mathura,2025-12-01,Maintain Current Operations
Uttar Pradesh,Mau,2025-12-01,Maintain Current Operations
Uttar Pradesh,Meerut,2025-12-01,Maintain Current Operations
Uttar Pradesh,Mirzapur,2025-12-01,Maintain Current Operations
Uttar Pradesh,Moradabad,2025-12-01,Maintain Current Operations
Uttar Pradesh,Muzaffarnagar,2025-12-01,Maintain Current Operations
Uttar Pradesh,Pilibhit,2025-12-01,Maintain Current Operations
Uttar Pradesh,Pratapgarh,2025-12-01,Maintain Current Operations
Uttar Pradesh,Prayagraj,2025-12-01,Maintain Current Operations
Uttar Pradesh,Rae Bareli,2025-12-01,Maintain Current Operations
Uttar Pradesh,Raebareli,2025-12-01,Maintain Current Operations
Uttar Pradesh,Rampur,2025-12-01,Maintain Current Operations
Uttar Pradesh,Saharanpur,2025-12-01,Maintain Current Operations
Uttar Pradesh,Sambhal,2025-12-01,Maintain Current Operations
Uttar Pradesh,Sant Kabir Nagar,2025-12-01,Maintain Current Operations
Uttar Pradesh,Sant Ravidas Nagar,2025-12-01,Maintain Current Operations
Uttar Pradesh,Sant Ravidas Nagar Bhadohi,2025-12-01,Maintain Current Operations
Uttar Pradesh,Shahjahanpur,2025-12-01,Maintain Current Operations
Uttar Pradesh,Shamli,2025-12-01,Maintain Current Operations
Uttar Pradesh,Shrawasti,2025-12-01,Maintain Current Operations
Uttar Pradesh,Siddharthnagar,2025-12-01,Maintain Current Operations
Uttar Pradesh,Sitapur,2025-12-01,Maintain Current Operations
Uttar Pradesh,Sonbhadra,2025-12-01,Maintain Current Operations
Uttar Pradesh,Sultanpur,2025-12-01,Maintain Current Operations
Uttar Pradesh,Unnao,2025-12-01,Maintain Current Operations
Uttar Pradesh,Varanasi,2025-12-01,Maintain Current Operations
Uttarakhand,Almora,2025-12-01,Maintain Current Operations
Uttarakhand,Bageshwar,2025-12-01,Maintain Current Operations
Uttarakhand,Chamoli,2025-12-01,Maintain Current Operations
Uttarakhand,Champawat,2025-12-01,Maintain Current Operations
Uttarakhand,Dehradun,2025-12-01,Maintain Current Operations
Uttarakhand,Garhwal,2025-12-01,Maintain Current Operations
Uttarakhand,Hardwar,2025-12-01,Maintain Current Operations
Uttarakhand,Haridwar,2025-12-01,Initiate School/Center-based Biometric Update Drive (High Bio Load)
Uttarakhand,Nainital,2025-12-01,Maintain Current Operations
Uttarakhand,Pauri Garhwal,2025-12-01,Maintain Current Operations
Uttarakhand,Pithoragarh,2025-12-01,Maintain Current Operations
Uttarakhand,Rudraprayag,2025-12-01,Maintain Current Operations
Uttarakhand,Tehri Garhwal,2025-12-01,Maintain Current Operations
Uttarakhand,Udham Singh Nagar,2025-12-01,Initiate School/Center-based Biometric Update Drive (High Bio Load)
Uttarakhand,Udham Singh Nagar *,2025-12-01,Maintain Current Operations
Uttarakhand,Uttarkashi,2025-12-01,Maintain Current Operations
West Bengal,Alipurduar,2025-12-01,Maintain Current Operations
West Bengal,Bally Jagachha,2025-12-01,Maintain Current Operations
West Bengal,Bankura,2025-12-01,Maintain Current Operations
West Bengal,Barddhaman,2025-12-01,Maintain Current Operations
West Bengal,Bardhaman,2025-12-01,Maintain Current Operations
West Bengal,Birbhum,2025-12-01,Maintain Current Operations
West Bengal,Cooch Behar,2025-12-01,Maintain Current Operations
West Bengal,Dakshin Dinajpur,2025-12-01,Maintain Current Operations
West Bengal,Darjeeling,2025-12-01,Maintain Current Operations
West Bengal,Darjiling,2025-12-01,Maintain Current Operations
West Bengal,Domjur,2025-12-01,Maintain Current Operations
West Bengal,East Midnapore,2025-12-01,Maintain Current Operations
West Bengal,East Midnapur,2025-12-01,Maintain Current Operations
West Bengal,Haora,2025-12-01,Maintain Current Operations
West Bengal,Hawrah,2025-12-01,Maintain Current Operations
West Bengal,Hooghiy,2025-12-01,Maintain Current Operations
West Bengal,Hooghly,2025-12-01,Maintain Current Operations
West Bengal,Howrah,2025-12-01,Maintain Current Operations
West Bengal,Hugli,2025-12-01,Maintain Current Operations
West Bengal,Jalpaiguri,2025-12-01,Maintain Current Operations
West Bengal,Jhargram,2025-12-01,Maintain Current Operations
West Bengal,Kalimpong,2025-12-01,Maintain Current Operations
West Bengal,Koch Bihar,2025-12-01,Maintain Current Operations
West Bengal,Kolkata,2025-12-01,Maintain Current Operations
West Bengal,Malda,2025-12-01,Maintain Current Operations
West Bengal,Maldah,2025-12-01,Maintain Current Operations
West Bengal,Medinipur,2025-12-01,Maintain Current Operations
West Bengal,Murshidabad,2025-12-01,Maintain Current Operations
West Bengal,Nadia,2025-12-01,Maintain Current Operations
West Bengal,North 24 Parganas,2025-12-01,Increase Demographic Update Capacity (High Correction Volume)
West Bengal,North Dinajpur,2025-12-01,Maintain Current Operations
West Bengal,North Twenty Four Parganas,2025-12-01,Maintain Current Operations
West Bengal,Paschim Bardhaman,2025-12-01,Maintain Current Operations
West Bengal,Paschim Medinipur,2025-12-01,Maintain Current Operations
West Bengal,Purba Bardhaman,2025-12-01,Maintain Current Operations
West Bengal,Purba Medinipur,2025-12-01,Maintain Current Operations
West Bengal,Purulia,2025-12-01,Maintain Current Operations
West Bengal,Puruliya,2025-12-01,Maintain Current Operations
West Bengal,South  Twenty Four Parganas,2025-12-01,Maintain Current Operations
West Bengal,South 24 Pargana,2025-12-01,Maintain Current Operations
West Bengal,South 24 Parganas,2025-12-01,Maintain Current Operations
West Bengal,South Dinajpur,2025-12-01,Maintain Current Operations
West Bengal,South Dumdum(M),2025-12-01,Maintain Current Operations
West Bengal,South Twenty Four Parganas,2025-12-01,Maintain Current Operations
West Bengal,Uttar Dinajpur,2025-12-01,Maintain Current Operations
West Bengal,West Medinipur,2025-12-01,Maintain Current Operations
West Bengal,West Midnapore,2025-12-01,Maintain Current Operations
